debit_inn,n_tx,total_amount,mean_amount,mean_score,p97_score
8d9e0be733f77f1c,8,294274122.63,36784265.32875,0.26033583385352377,0.8993957632960224
d877722ca4e40f98,29,377419321.2,13014459.351724137,0.0614923347272276,0.562993531620152
80799e1a6646b6dc,6,67757103.0,11292850.5,0.015028643196242778,0.02996327236276044
9d8f54ae3b88911b,3,37000000.0,12333333.333333334,0.018137593539269782,0.029811623219194824
306735212f8e109d,1,11000000.0,11000000.0,0.012070676825158664,0.012070676825158664
032f0b4d2498f263,1,10000000.0,10000000.0,0.01138627160161786,0.01138627160161786
53446acfe008dbf1,1,9220689.82,9220689.82,0.010295600601022855,0.010295600601022855
7ad54077510c09e4,1,20000.0,20000.0,0.0031976108764501534,0.0031976108764501534
