credit_inn,n_tx,total_amount,mean_amount,mean_score,p97_score
8d9e0be733f77f1c,1,100000000.0,100000000.0,0.9941562354198514,0.9941562354198514
d877722ca4e40f98,21,429271915.45,20441519.78333333,0.10782007002512885,0.7125593237041146
6931e23e98703aa9,22,211863126.0,9630142.090909092,0.03132037235119552,0.22201230689920265
9d8f54ae3b88911b,1,20000000.0,20000000.0,0.042245683590162036,0.042245683590162036
365a9e654bc3d301,1,18900000.0,18900000.0,0.035995094679153704,0.035995094679153704
3a9c5401f637dd8d,2,14447532.0,7223766.0,0.006973846324439211,0.010241807101441345
f009f83433030011,1,6132000.0,6132000.0,0.004105813244647338,0.004105813244647338
77af13772af29f14,1,6076663.2,6076663.2,0.0037789957806059053,0.0037789957806059053
